Nombre;Francia;
Subescenario;1860;
Tipo;Económicos;
PIB;4000;
Población total;4000;
Producción agrícola;4000;
Producción carbón;4000;
Producción acero;4000;
Tipo;Militares;
Soldados y marineros;4000;
Reservistas y reserva naval;4000;
Infraestructura desarrollada;1.0;
Tipo;Navales;
Tonelaje Armada;4000;
Tonelaje Marina mercante;4000;
Potencia naval;0.0;
Subescenario;1870;
Tipo;Económicos;
PIB;4000;
Población total;4000;
Producción agrícola;4000;
Producción carbón;4000;
Producción acero;4000;
Tipo;Militares;
Soldados y marineros;4000;
Reservistas y reserva naval;4000;
Infraestructura desarrollada;1.0;
Tipo;Navales;
Tonelaje Armada;4000;
Tonelaje Marina mercante;4000;
Potencia naval;0.0;
Subescenario;1870;
Tipo;Económicos;
PIB;4000;
Población total;4000;
Producción agrícola;4000;
Producción carbón;4000;
Producción acero;4000;
Tipo;Militares;
Soldados y marineros;4000;
Reservistas y reserva naval;4000;
Infraestructura desarrollada;1.0;
Tipo;Navales;
Tonelaje Armada;4000;
Tonelaje Marina mercante;4000;
Potencia naval;0.0;
Subescenario;1890;
Tipo;Económicos;
PIB;4000;
Población total;4000;
Producción agrícola;4000;
Producción carbón;4000;
Producción acero;4000;
Tipo;Militares;
Soldados y marineros;4000;
Reservistas y reserva naval;4000;
Infraestructura desarrollada;1.0;
Tipo;Navales;
Tonelaje Armada;4000;
Tonelaje Marina mercante;4000;
Potencia naval;0.0;