Nombre;Imperio Otomano;
Subescenario;1860;
Tipo;Económicos;
PIB;2000;
Población total;2000;
Producción agrícola;2000;
Producción carbón;2000;
Producción acero;2000;
Tipo;Militares;
Soldados y marineros;2000;
Reservistas y reserva naval;2000;
Infraestructura desarrollada;0.0;
Tipo;Navales;
Tonelaje Armada;2000;
Tonelaje Marina mercante;2000;
Potencia naval;0.0;
Subescenario;1870;
Tipo;Económicos;
PIB;2000;
Población total;2000;
Producción agrícola;2000;
Producción carbón;2000;
Producción acero;2000;
Tipo;Militares;
Soldados y marineros;2000;
Reservistas y reserva naval;2000;
Infraestructura desarrollada;0.0;
Tipo;Navales;
Tonelaje Armada;2000;
Tonelaje Marina mercante;2000;
Potencia naval;0.0;
Subescenario;1880;
Tipo;Económicos;
PIB;2000;
Población total;2000;
Producción agrícola;2000;
Producción carbón;2000;
Producción acero;2000;
Tipo;Militares;
Soldados y marineros;2000;
Reservistas y reserva naval;2000;
Infraestructura desarrollada;0.0;
Tipo;Navales;
Tonelaje Armada;2000;
Tonelaje Marina mercante;2000;
Potencia naval;0.0;
Subescenario;1890;
Tipo;Económicos;
PIB;2000;
Población total;2000;
Producción agrícola;2000;
Producción carbón;2000;
Producción acero;2000;
Tipo;Militares;
Soldados y marineros;2000;
Reservistas y reserva naval;2000;
Infraestructura desarrollada;0.0;
Tipo;Navales;
Tonelaje Armada;2000;
Tonelaje Marina mercante;2000;
Potencia naval;0.0;