Nombre;Reino Unido;
Subescenario;1860;
Tipo;Económicos;
PIB;8000;
Población total;8000;
Producción agrícola;8000;
Producción carbón;8000;
Producción acero;8000;
Tipo;Militares;
Soldados y marineros;8000;
Reservistas y reserva naval;8000;
Infraestructura desarrollada;1.0;
Tipo;Navales;
Tonelaje Armada;8000;
Tonelaje Marina mercante;8000;
Potencia naval;1.0;
Subescenario;1870;
Tipo;Económicos;
PIB;8000;
Población total;8000;
Producción agrícola;8000;
Producción carbón;8000;
Producción acero;8000;
Tipo;Militares;
Soldados y marineros;8000;
Reservistas y reserva naval;8000;
Infraestructura desarrollada;1.0;
Tipo;Navales;
Tonelaje Armada;8000;
Tonelaje Marina mercante;8000;
Potencia naval;1.0;
Subescenario;1870;
Tipo;Económicos;
PIB;8000;
Población total;8000;
Producción agrícola;8000;
Producción carbón;8000;
Producción acero;8000;
Tipo;Militares;
Soldados y marineros;8000;
Reservistas y reserva naval;8000;
Infraestructura desarrollada;1.0;
Tipo;Navales;
Tonelaje Armada;8000;
Tonelaje Marina mercante;8000;
Potencia naval;1.0;
Subescenario;1890;
Tipo;Económicos;
PIB;8000;
Población total;8000;
Producción agrícola;8000;
Producción carbón;8000;
Producción acero;8000;
Tipo;Militares;
Soldados y marineros;8000;
Reservistas y reserva naval;8000;
Infraestructura desarrollada;1.0;
Tipo;Navales;
Tonelaje Armada;8000;
Tonelaje Marina mercante;8000;
Potencia naval;1.0;